{
  "checkpoint": "/home/hice1/etarr7/scratch/DL-Music-Separation-Project/model/demucs/demucs_final.pt",
  "dataset_root": "data/DSD100subset",
  "subset": "Dev",
  "hidden_channels": 48,
  "depth": 5,
  "metrics": {
    "bass": {
      "SDR": {
        "mean": -1.2593005895614624,
        "std": 4.723581314086914,
        "ci95": 6.546549702206764
      },
      "SI_SDR": {
        "mean": -6.11362361907959,
        "std": 4.874936580657959,
        "ci95": 6.756317399513702
      }
    },
    "drums": {
      "SDR": {
        "mean": 4.557382106781006,
        "std": 0.4894064962863922,
        "ci95": 0.6782827984704793
      },
      "SI_SDR": {
        "mean": 0.4709428548812866,
        "std": 0.16466689109802246,
        "ci95": 0.22821666765134407
      }
    },
    "other": {
      "SDR": {
        "mean": -16.354066848754883,
        "std": 4.972772598266602,
        "ci95": 6.891911202044604
      },
      "SI_SDR": {
        "mean": -32.70015335083008,
        "std": 12.496922492980957,
        "ci95": 17.319850931949077
      }
    },
    "vocals": {
      "SDR": {
        "mean": -21.368507385253906,
        "std": 4.660455226898193,
        "ci95": 6.459061408937765
      },
      "SI_SDR": {
        "mean": -42.90245819091797,
        "std": 0.4452136754989624,
        "ci95": 0.6170346736837146
      }
    }
  },
  "average_inference_seconds": 15.915188550949097,
  "num_tracks": 2
}