{
  "model": "htdemucs",
  "dataset_root": "data/DSD100subset",
  "subset": "Dev",
  "metrics": {
    "drums": {
      "SDR": {
        "mean": 12.071505546569824,
        "std": 3.043161630630493,
        "ci95": 4.217606841520444
      },
      "SI_SDR": {
        "mean": 11.337823867797852,
        "std": 3.759725332260132,
        "ci95": 5.2107134645663695
      }
    },
    "bass": {
      "SDR": {
        "mean": 11.70669937133789,
        "std": 0.2425561249256134,
        "ci95": 0.3361656382763359
      },
      "SI_SDR": {
        "mean": 11.475129127502441,
        "std": 0.36004602909088135,
        "ci95": 0.4989983378705242
      }
    },
    "other": {
      "SDR": {
        "mean": 8.872106552124023,
        "std": 2.333972692489624,
        "ci95": 3.2347211192087295
      },
      "SI_SDR": {
        "mean": 8.52783203125,
        "std": 2.4322474002838135,
        "ci95": 3.3709229153175095
      }
    },
    "vocals": {
      "SDR": {
        "mean": 12.977334976196289,
        "std": 0.7062092423439026,
        "ci95": 0.9787560746280554
      },
      "SI_SDR": {
        "mean": 12.697547912597656,
        "std": 0.5700439214706421,
        "ci95": 0.790040567994283
      }
    }
  },
  "average_inference_seconds": 58.75414299964905,
  "num_tracks": 2
}