{
  "dataset_root": "data/DSD100",
  "subset": "Test",
  "checkpoint": "/home/hice1/etarr7/scratch/DL-Music-Separation-Project/model/diffusion/checkpoint_epoch_0292.pt",
  "timesteps": 200,
  "metrics": {
    "vocal": {
      "SDR": {
        "mean": -18.864105224609375,
        "std": 5.468730449676514,
        "ci95": 1.5158547430954672
      },
      "SI_SDR": {
        "mean": -21.655982971191406,
        "std": 5.589954853057861,
        "ci95": 1.5494564333845546
      }
    },
    "bass": {
      "SDR": {
        "mean": -27.806943893432617,
        "std": 8.99749755859375,
        "ci95": 2.4939790826572903
      },
      "SI_SDR": {
        "mean": -28.91712188720703,
        "std": 8.904329299926758,
        "ci95": 2.468154158919339
      }
    },
    "drums": {
      "SDR": {
        "mean": -16.370054244995117,
        "std": 5.812295436859131,
        "ci95": 1.6110860989237854
      },
      "SI_SDR": {
        "mean": -23.06824493408203,
        "std": 5.778270244598389,
        "ci95": 1.6016547968057167
      }
    },
    "other": {
      "SDR": {
        "mean": -13.910368919372559,
        "std": 4.666642189025879,
        "ci95": 1.2935272201947219
      },
      "SI_SDR": {
        "mean": -16.078149795532227,
        "std": 4.587144374847412,
        "ci95": 1.271491550344642
      }
    }
  },
  "average_inference_seconds": 110.84383626461029
}