{
  "dataset_root": "data/DSD100subset",
  "subset": "Dev",
  "checkpoint": "/home/hice1/etarr7/scratch/DL-Music-Separation-Project/model/diffusion/checkpoint_epoch_0292.pt",
  "timesteps": 200,
  "metrics": {
    "vocal": {
      "SDR": {
        "mean": -29.33229637145996,
        "std": 18.512786865234375,
        "ci95": 25.657413576894207
      },
      "SI_SDR": {
        "mean": -34.635047912597656,
        "std": 21.915019989013672,
        "ci95": 30.372668118377796
      }
    },
    "bass": {
      "SDR": {
        "mean": -35.89659881591797,
        "std": 19.308513641357422,
        "ci95": 26.76023462365611
      },
      "SI_SDR": {
        "mean": -38.04973602294922,
        "std": 21.296611785888672,
        "ci95": 29.51559807579449
      }
    },
    "drums": {
      "SDR": {
        "mean": -13.914737701416016,
        "std": 2.224229574203491,
        "ci95": 3.082624917076513
      },
      "SI_SDR": {
        "mean": -35.47048568725586,
        "std": 22.20100212097168,
        "ci95": 30.769019131796952
      }
    },
    "other": {
      "SDR": {
        "mean": -23.025936126708984,
        "std": 18.072708129882812,
        "ci95": 25.04749556716895
      },
      "SI_SDR": {
        "mean": -28.460628509521484,
        "std": 22.615795135498047,
        "ci95": 31.343892920383347
      }
    }
  },
  "average_inference_seconds": 29.661526203155518
}