{
  "dataset_root": "data/DSD100",
  "subset": "Test",
  "checkpoint": "/home/hice1/etarr7/scratch/DL-Music-Separation-Project/model/diffusion_vpred/checkpoint_epoch_0260.pt",
  "timesteps": 200,
  "metrics": {
    "vocal": {
      "SDR": {
        "mean": -11.824261665344238,
        "std": 2.272274971008301,
        "ci95": 0.6298424879624105
      },
      "SI_SDR": {
        "mean": -13.053876876831055,
        "std": 2.1361405849456787,
        "ci95": 0.5921079613276918
      }
    },
    "bass": {
      "SDR": {
        "mean": -17.841503143310547,
        "std": 2.922612190246582,
        "ci95": 0.8101067682127159
      },
      "SI_SDR": {
        "mean": -18.300241470336914,
        "std": 2.779609203338623,
        "ci95": 0.7704683625578768
      }
    },
    "drums": {
      "SDR": {
        "mean": -11.719752311706543,
        "std": 1.708715558052063,
        "ci95": 0.4736317884212872
      },
      "SI_SDR": {
        "mean": -18.703702926635742,
        "std": 2.39396333694458,
        "ci95": 0.6635727821104714
      }
    },
    "other": {
      "SDR": {
        "mean": -10.090039253234863,
        "std": 2.430962085723877,
        "ci95": 0.6738283120441166
      },
      "SI_SDR": {
        "mean": -13.29600715637207,
        "std": 1.9124926328659058,
        "ci95": 0.5301159117901681
      }
    }
  },
  "average_inference_seconds": 110.96581241130829
}