{
  "dataset_root": "data/DSD100subset",
  "subset": "Dev",
  "checkpoint": "/home/hice1/etarr7/scratch/DL-Music-Separation-Project/model/diffusion_vpred/checkpoint_epoch_0260.pt",
  "timesteps": 200,
  "metrics": {
    "vocal": {
      "SDR": {
        "mean": -18.6563720703125,
        "std": 9.82904052734375,
        "ci95": 13.622355170506642
      },
      "SI_SDR": {
        "mean": -15.700886726379395,
        "std": 3.428861379623413,
        "ci95": 4.752159421229537
      }
    },
    "bass": {
      "SDR": {
        "mean": -23.770410537719727,
        "std": 9.073359489440918,
        "ci95": 12.575034685328886
      },
      "SI_SDR": {
        "mean": -24.074207305908203,
        "std": 9.058074951171875,
        "ci95": 12.553851396040491
      }
    },
    "drums": {
      "SDR": {
        "mean": -13.31926155090332,
        "std": 3.609646797180176,
        "ci95": 5.0027152268298325
      },
      "SI_SDR": {
        "mean": -31.388961791992188,
        "std": 18.094924926757812,
        "ci95": 25.078286476713
      }
    },
    "other": {
      "SDR": {
        "mean": -11.000177383422852,
        "std": 2.3210196495056152,
        "ci95": 3.2167691175279827
      },
      "SI_SDR": {
        "mean": -17.718530654907227,
        "std": 8.694000244140625,
        "ci95": 12.049269595407896
      }
    }
  },
  "average_inference_seconds": 29.467849135398865
}