{
  "dataset_root": "data/DSD100subset",
  "subset": "Dev",
  "checkpoint": "/home/hice1/etarr7/scratch/DL-Music-Separation-Project/model/diffusion/checkpoint_epoch_0161.pt",
  "timesteps": 200,
  "metrics": {
    "vocal": {
      "SDR": {
        "mean": -26.28813934326172,
        "std": 15.259759902954102,
        "ci95": 21.14894822504854
      },
      "SI_SDR": {
        "mean": -32.846534729003906,
        "std": 22.39529037475586,
        "ci95": 31.038288913638098
      }
    },
    "bass": {
      "SDR": {
        "mean": -26.788562774658203,
        "std": 10.504051208496094,
        "ci95": 14.557872245338341
      },
      "SI_SDR": {
        "mean": -27.853084564208984,
        "std": 11.032578468322754,
        "ci95": 15.290373655890477
      }
    },
    "drums": {
      "SDR": {
        "mean": -13.157571792602539,
        "std": 2.9048261642456055,
        "ci95": 4.025883666656104
      },
      "SI_SDR": {
        "mean": -35.11970520019531,
        "std": 23.937292098999023,
        "ci95": 33.17539427023293
      }
    },
    "other": {
      "SDR": {
        "mean": -22.558013916015625,
        "std": 17.5683650970459,
        "ci95": 24.348511785185135
      },
      "SI_SDR": {
        "mean": -25.427471160888672,
        "std": 18.39990997314453,
        "ci95": 25.500974185855664
      }
    }
  },
  "average_inference_seconds": 32.35381031036377
}